[
  {
    "id": "8f097d7b-79d8-4ef5-ba11-8a4561cdb263",
    "data": [
      {
        "text": "I want to order a ",
        "userDefined": false
      },
      {
        "text": "large",
        "alias": "size",
        "meta": "@size",
        "userDefined": true
      },
      {
        "text": " pizza",
        "userDefined": false
      }
    ],
    "isTemplate": false,
    "count": 0,
    "updated": 0
  },
  {
    "id": "423707b4-a63b-4fcf-8ad5-2d68ebf8eea8",
    "data": [
      {
        "text": "I want a ",
        "userDefined": false
      },
      {
        "text": "chicken",
        "alias": "pizza_topping",
        "meta": "@pizza_topping",
        "userDefined": true
      },
      {
        "text": " pizza",
        "userDefined": false
      }
    ],
    "isTemplate": false,
    "count": 0,
    "updated": 0
  },
  {
    "id": "aa84aa59-85aa-4b20-b9b7-f996fd245078",
    "data": [
      {
        "text": "I\u0027d like to order a pizza for pickup in ",
        "userDefined": false
      },
      {
        "text": "1 hour",
        "alias": "time",
        "meta": "@sys.time",
        "userDefined": true
      }
    ],
    "isTemplate": false,
    "count": 0,
    "updated": 0
  },
  {
    "id": "8559e65d-024d-4fbf-b003-1a7d872bdf83",
    "data": [
      {
        "text": "I want a pizza with ",
        "userDefined": false
      },
      {
        "text": "pepper",
        "alias": "pizza_topping",
        "meta": "@pizza_topping",
        "userDefined": true
      },
      {
        "text": " and ",
        "userDefined": false
      },
      {
        "text": "mushroom",
        "alias": "pizza_topping",
        "meta": "@pizza_topping",
        "userDefined": true
      }
    ],
    "isTemplate": false,
    "count": 0,
    "updated": 0
  },
  {
    "id": "3b23e298-b22c-4c1e-a55e-51796d36354f",
    "data": [
      {
        "text": "I\u0027d like a ",
        "userDefined": false
      },
      {
        "text": "small",
        "alias": "size",
        "meta": "@size",
        "userDefined": true
      },
      {
        "text": " pizza with ",
        "userDefined": false
      },
      {
        "text": "mushrooms",
        "alias": "pizza_topping",
        "meta": "@pizza_topping",
        "userDefined": true
      }
    ],
    "isTemplate": false,
    "count": 0,
    "updated": 0
  },
  {
    "id": "8d880097-6989-4ce4-9a8b-e643f42a6fe8",
    "data": [
      {
        "text": "I want to order a ",
        "userDefined": false
      },
      {
        "text": "small",
        "alias": "size",
        "meta": "@size",
        "userDefined": true
      },
      {
        "text": " pizza with ",
        "userDefined": false
      },
      {
        "text": "chicken",
        "alias": "pizza_topping",
        "meta": "@pizza_topping",
        "userDefined": true
      },
      {
        "text": " only",
        "userDefined": false
      }
    ],
    "isTemplate": false,
    "count": 0,
    "updated": 0
  },
  {
    "id": "6ca84e83-e0ea-468a-9465-6f5e33c682d1",
    "data": [
      {
        "text": "I want to order a ",
        "userDefined": false
      },
      {
        "text": "cheese",
        "alias": "pizza_topping",
        "meta": "@pizza_topping",
        "userDefined": true
      },
      {
        "text": " pizza for ",
        "userDefined": false
      },
      {
        "text": "1 PM",
        "alias": "time",
        "meta": "@sys.time",
        "userDefined": true
      },
      {
        "text": " ",
        "userDefined": false
      },
      {
        "text": "tomorrow",
        "alias": "date",
        "meta": "@sys.date",
        "userDefined": true
      }
    ],
    "isTemplate": false,
    "count": 0,
    "updated": 0
  },
  {
    "id": "b68a2a53-b679-46ba-a67e-a83956d66925",
    "data": [
      {
        "text": "can I order a ",
        "userDefined": false
      },
      {
        "text": "cheese",
        "alias": "pizza_topping",
        "meta": "@pizza_topping",
        "userDefined": true
      },
      {
        "text": " pizza for pickup ",
        "userDefined": false
      },
      {
        "text": "today",
        "alias": "date",
        "meta": "@sys.date",
        "userDefined": true
      },
      {
        "text": " at ",
        "userDefined": false
      },
      {
        "text": "noon",
        "alias": "time",
        "meta": "@sys.time",
        "userDefined": true
      },
      {
        "text": " ?",
        "userDefined": false
      }
    ],
    "isTemplate": false,
    "count": 0,
    "updated": 0
  }
]